"","min","max","coef","pval","group","tag","character"
"UTC500",0.00514595460880009,0.0138460395214495,0.00949599706512482,1.88128615741332e-05,"A","1","lcz1  & lcz2"
"UTC5001",0.0213148436600511,0.027113305385463,0.0242140745227571,3.17034743685145e-60,"B","1","lcz3"
"UTC5002",0.0344997097346885,0.0472622446544028,0.0408809771945457,3.673218939829e-36,"C","1","lcz4"
"UTC5003",0.0118323003933931,0.0202088659976832,0.0160205831955382,6.52769545467603e-14,"D","1","lcz5"
"UTC5004",0.0244243531285942,0.0287818459735002,0.0266030995510472,1.44961714761069e-126,"E","1","lcz6 "
"UTC5005",0.052199007857542,0.0585078199591291,0.0553534139083355,3.32705972438481e-259,"F","1","lcz8"
"UTC5006",0.0440900314752342,0.0543880107702621,0.0492390211227482,2.22431968571783e-78,"G","1","lcz9"
"UTC5007",0.141441646672371,0.201184063290418,0.171312854981394,2.58088512023679e-29,"H","1","lcz10"
"UTC5008",0.0312734837571853,0.0374156560385644,0.0343445698978749,1.73833764877601e-106,"I","1","OTHER"
