"","min","max","coef","pval","group","tag","character"
"UTC500",0.116136542907467,0.125794465487971,0.120965504197719,0,"A","1","< 20°C"
"UTC5001",0.120876655567791,0.12964178990231,0.125259222735051,0,"B","1","20°C~22°C"
"UTC5002",0.125512576131681,0.132612939337743,0.129062757734712,0,"C","1","22°C~24°C"
"UTC5003",0.127536150488111,0.133343983949367,0.130440067218739,0,"D","1","24°C~26°C"
"UTC5004",0.12698867900391,0.131960917472373,0.129474798238141,0,"E","1","26°C~28°C"
"UTC5005",0.125551008244968,0.130410047483654,0.127980527864311,0,"F","1","28°C~30°C"
"UTC5006",0.127451465703733,0.132963566051524,0.130207515877628,0,"G","1","30°C~32°C"
"UTC5007",0.128905707558989,0.1350084803219,0.131957093940445,0,"H","1","> 32°C"
