"","min","max","coef","pval","group","tag","character"
"UTC500",0.0239177268015433,0.0348297170205638,0.0293737219110536,4.97701126568961e-26,"A","1","Small city"
"UTC5001",0.0132789225262751,0.0210375404063959,0.0171582314663355,4.36226610027395e-18,"B","1","Medium city"
"UTC5002",0.0231810635956461,0.0306861184240558,0.0269335910098509,6.01982183513104e-45,"C","1","Large city"
"UTC5003",0.0274871887574246,0.03363908445043,0.0305631366039273,1.81480202628552e-84,"D","1","Megacity"
