"","min","max","coef","pval","group","tag","character"
"UTC500",0.0280363973658851,0.0343955967477257,0.0312159970568054,1.65150300234865e-82,"A","1","< 20°C"
"UTC5001",0.0291176772798162,0.0347878519769701,0.0319527646283931,4.00246813818467e-108,"B","1","20°C~22°C"
"UTC5002",0.0310577346809576,0.0362221489110894,0.0336399417960235,8.47625376735895e-144,"C","1","22°C~24°C"
"UTC5003",0.0288777281627702,0.033875395653471,0.0313765619081206,9.93894714256298e-134,"D","1","24°C~26°C"
"UTC5004",0.0276763061121246,0.0330125018182356,0.0303444039651801,4.58146890395298e-110,"E","1","26°C~28°C"
"UTC5005",0.0237490759074503,0.0304981224936872,0.0271235992005687,6.49024891993202e-56,"F","1","28°C~30°C"
"UTC5006",0.0170805540549412,0.0260896986593391,0.0215851263571402,5.8995730883716e-21,"G","1","30°C~32°C"
"UTC5007",0.0134107586991912,0.0248804517377562,0.0191456052184737,6.01883258338578e-11,"H","1","> 32°C"
