"","min","max","coef","pval","group","tag","character"
"UTC500",0.0208982720621039,0.0281875833324387,0.0245429276972713,8.98336962828059e-40,"A","1","<5000$"
"UTC5001",0.0224678213190275,0.0278298868268686,0.0251488540729481,1.7386366187823e-75,"B","1","5000$~10000$"
"UTC5002",0.0300474573615385,0.0350947650278269,0.0325711111946827,3.59151193414288e-141,"C","1","10000$~15000$"
"UTC5003",0.0400034726069891,0.0485430924361325,0.0442732825215608,8.14949365923748e-92,"D","1","> 15000$"
