"","min","max","coef","pval","group","tag","character"
"UTC500",0.0400149066940377,0.0531446018670311,0.0465797542805344,5.78445357172152e-44,"A","1","Small city"
"UTC5001",0.0178066759501981,0.0262585033044385,0.0220325896273183,1.63685109689109e-24,"B","1","Medium city"
"UTC5002",0.0290253042088081,0.0371451257004255,0.0330852149546168,1.9997745078764e-57,"C","1","Large city"
"UTC5003",0.0316556405359156,0.0381362822400183,0.034895961387967,6.84543991554717e-99,"D","1","Megacity"
