"","min","max","coef","pval","group","tag","character"
"UTC500",0.127025240726362,0.131774308957813,0.129399774842087,0,"A","1","00 am~06 am"
"UTC5001",0.158005542440542,0.165247498571746,0.161626520506144,0,"B","1","06 am~09 am"
"UTC5002",0.129680910442456,0.13478658878685,0.132233749614653,0,"C","1","09 am~12 am"
"UTC5003",0.121157802986954,0.126179881831563,0.123668842409259,0,"D","1","12 am~15 pm"
"UTC5004",0.114682425156009,0.119782367291181,0.117232396223595,0,"E","1","15 pm ~18 pm "
"UTC5005",0.123487703182789,0.128465034961084,0.125976369071937,0,"F","1","18 pm ~21 pm"
"UTC5006",0.135835165350658,0.141105041579591,0.138470103465125,0,"G","1","21 pm~24 pm"
