"","min","max","coef","pval","group","tag","character"
"UTC500",-0.00227656040278692,0.0110041876130962,0.00436381360515463,0.197739859211562,"A","1","North Brazil"
"UTC5001",0.00604686275375763,0.0149975928149813,0.0105222277843695,4.06258193418887e-06,"B","1","Northeast Brazil"
"UTC5002",0.0291517448905756,0.0346880745908478,0.0319199097407117,4.3257914401554e-113,"C","1","Southeast Brazil"
"UTC5003",0.035104524932415,0.045331546965219,0.040218035948817,1.29583799457221e-53,"D","1","Centralwest Brazil"
"UTC5004",0.0124058577233442,0.0218429721918875,0.0171244149576159,1.13532741980442e-12,"E","1","South Brazil"
