"","min","max","coef","pval","group","tag","character"
"UTC500",0.173956821805684,0.228464242740791,0.201210532273237,1.87348664245174e-47,"A","1","70°W~ 65°W"
"UTC5001",0.134110429911807,0.153047108451353,0.14357876918158,4.22111896977394e-194,"B","1","65°W~ 60°W"
"UTC5002",0.136584767495724,0.152094452282228,0.144339609888976,2.41257241682632e-291,"C","1","60°W~ 55°W"
"UTC5003",0.100211322403627,0.108659990765606,0.104435656584617,0,"D","1","55°W~ 50°W"
"UTC5004",0.146479599931164,0.15192965650259,0.149204628216877,0,"E","1","50°W~ 45°W"
"UTC5005",0.111094556852436,0.117409829902016,0.114252193377226,0,"F","1","45°W~ 40°W"
"UTC5006",0.115955956183083,0.125038471279189,0.120497213731136,0,"G","1","40°W~ 35°W"
"UTC5007",0.0936262675997069,0.110877773658557,0.102252020629132,2.08941040071075e-119,"H","1","35°W~ 30°W"
