"","min","max","coef","pval","group","tag","character"
"UTC500",0.180845282685408,0.194352708401227,0.187598995543318,0,"A","1","North Brazil"
"UTC5001",0.128103691401926,0.13693753667969,0.132520614040808,0,"B","1","Northeast Brazil"
"UTC5002",0.135335407742542,0.140754607966177,0.13804500785436,0,"C","1","Southeast Brazil"
"UTC5003",0.21284367517504,0.223169647616087,0.218006661395564,0,"D","1","Centralwest Brazil"
"UTC5004",0.14919512026345,0.158633690270194,0.153914405266822,0,"E","1","South Brazil"
